0,ACCOMMODATION,*,*,Welcome to AIT accommodation procedure.Most students upon arrival are given rooms in the standard dorms present in the campus.The procedure is such that#Comma soon a lottery will be conducted and the lucky few#Comma who get picked get a chance to take the available rooms immediately. The rest are required to queue their names in the list and wait for their turn to get the room they desire. Who knows if you are lucky! Lets see on the day of the lottery!! To know more about the rooms#Comma say "rooms,accomadation.aiml
0,ROOMS,*,*,For more details on rooms. You can access the following URL - http://www.ait.ac.th/admissions/current-students/ofam-ait-student-orientation-august-2016.pdf,accomadation.aiml
0,ACCOMMODATION PROCESS,*,*,<srai>accommodation</srai>,accomadation.aiml
0,* ACCOMMODATION *,*,*,<srai>accommodation</srai>,accomadation.aiml
0,* ACCOMMODATION,*,*,<srai>accommodation</srai>,accomadation.aiml
0,ACCOMMODATION PROCEDURE,*,*,<srai>accommodation</srai>,accomadation.aiml
