0,CALL SECURITY,*,*,Dialing security.. <oob><dial>025246000</dial></oob>,call.aiml
0,CALL TAXI,*,*,Dialing security.. <oob><dial>025246000</dial></oob>,call.aiml
0,CALL GATE1,*,*,Dialing gate1.. <oob><dial>025246000</dial></oob>,call.aiml
0,CALL GATE2,*,*,Dialing gate2.. <oob><dial>025246003</dial></oob>,call.aiml
0,CALL GATE 1,*,*,Dialing gate1.. <oob><dial>025246000</dial></oob>,call.aiml
0,CALL GATE 2,*,*,Dialing gate2.. <oob><dial>025246003</dial></oob>,call.aiml
0,CALL OFAM,*,*,<srai>call maintenance</srai>,call.aiml
0,CALL MAINTENANCE,*,*,Dialing maintenance.. <oob><dial>025245800</dial></oob>,call.aiml
0,* A TAXI,*,*,Can I help you connect to security,call.aiml
0,* A TAXI *,*,*,Can I help you connect to security,call.aiml
0,YES,CAN I HELP YOU CONNECT TO SECURITY,*,<srai>call taxi</srai>,call.aiml
0,YES *,CAN I HELP YOU CONNECT TO SECURITY,*,<srai>call taxi</srai>,call.aiml
0,OKAY *,CAN I HELP YOU CONNECT TO SECURITY,*,<srai>call taxi</srai>,call.aiml
0,SURE,CAN I HELP YOU CONNECT TO SECURITY,*,<srai>call taxi</srai>,call.aiml
0,OKAY,CAN I HELP YOU CONNECT TO SECURITY,*,<srai>call taxi</srai>,call.aiml
0,CALL POLICE,*,*,Dialing police.. <oob><dial>025245051</dial></oob>,call.aiml
0,CALL MEDICAL CENTER,*,*,Dialing medical center.. <oob><dial>025245286</dial></oob>,call.aiml
0,CALL AITCC,*,*,Dialing AITCC.. <oob><dial>025245801</dial></oob>,call.aiml
0,CALL OPERATOR,*,*,Dialing operator.. <oob><dial>025245090</dial></oob>,call.aiml
0,CALL THE OPERATOR,*,*,Dialing operator.. <oob><dial>025245090</dial></oob>,call.aiml
0,* POLICE,*,*,Can I help you call the police,call.aiml
0,YES,CAN I HELP YOU CALL THE POLICE,*,<srai>Call police</srai>,call.aiml
0,YES *,CAN I HELP YOU CALL THE POLICE,*,<srai>Call police</srai>,call.aiml
0,OKAY,CAN I HELP YOU CALL THE POLICE,*,<srai>Call police</srai>,call.aiml
0,OKAY *,CAN I HELP YOU CALL THE POLICE,*,<srai>Call police</srai>,call.aiml
0,NO,CAN I HELP YOU CALL THE POLICE,*,I have misunderstood.Please re-phrase your query,call.aiml
0,NO *,CAN I HELP YOU CALL THE POLICE,*,I have misunderstood.Please re-phrase your query,call.aiml
0,NO *,CAN I HELP YOU CONNECT TO SECURITY,*,I have misunderstood.Please re-phrase your query,call.aiml
0,NO,CAN I HELP YOU CONNECT TO SECURITY,*,I have misunderstood.Please re-phrase your query,call.aiml
0,CALL PIZZA COMPANY,*,*,Dialing Pizza company.. <oob><dial>1112</dial></oob>,call.aiml
0,CALL PIZZA HUT,*,*,Dialing Pizza hut.. <oob><dial>1150</dial></oob>,call.aiml
0,* PIZZA COMPANY,*,*,<srai>call pizza company</srai>,call.aiml
0,* PIZZA HUT,*,*,<srai>call pizza hut</srai>,call.aiml
0,CALL SHAWARMA,*,*,Dialing Shawarma restaurant.. <oob><dial>+66959507788</dial></oob>,call.aiml
0,* SHAWARMA,*,*,<srai>call shawarma</srai>,call.aiml
0,CALL SHAWARMA RESTAURANT,*,*,Dialing Shawarma restaurant.. <oob><dial>+66959507788</dial></oob>,call.aiml
0,* SHAWARMA RESTAURANT,*,*,<srai>call shawarma</srai>,call.aiml
0,* SHAWARMA RESTAURANT *,*,*,Dialing Shawarma restaurant.. <oob><dial>+66959507788</dial></oob>,call.aiml
0,CALL EMERGENCY,*,*,<srai>call security</srai>,call.aiml
0,* EMERGENCY *,*,*,<srai>call security</srai>,call.aiml
0,* EMERGENCY,*,*,<srai>call security</srai>,call.aiml
0,CALL * EMERGENCY,*,*,<srai>call security</srai>,call.aiml
0,CALL * SECURITY,*,*,<srai>call security</srai>,call.aiml
0,* CALL * SECURITY,*,*,<srai>call security</srai>,call.aiml
0,* CALL SECURITY,*,*,<srai>call security</srai>,call.aiml
0,I'M DYING,*,*,<srai>call security</srai>,call.aiml
0,I'M FEELING SICK,*,*,<srai>call MEDICAL CENTER</srai>,call.aiml
0,I AM FEELING SICK,*,*,<srai>call MEDICAL CENTER</srai>,call.aiml
0,I'M * SICK,*,*,<srai>call MEDICAL CENTER</srai>,call.aiml
0,I AM * SICK,*,*,<srai>call MEDICAL CENTER</srai>,call.aiml
0,I'M SICK,*,*,<srai>call MEDICAL CENTER</srai>,call.aiml
0,I AM SICK,*,*,<srai>call MEDICAL CENTER</srai>,call.aiml
