0,* PIZZA,*,*,Do try out AIT's own pizza at AITCC. Pizzaa company and Pizza Hut deliver to AIT. Want me to call anyone of them?,food.aiml
0,* PIZZA *,*,*,<srai> * pizza</srai>,food.aiml
0,* INDIAN FOOD,*,*,Closest delivery point for Delicious Indian food is the shawarma restaurant near thalad-thai. What can I do for you?,food.aiml
0,* SANDWICH,*,*,Sandwiches at Time out cafe#Commawestern food stall and AITCC are a must try!,food.aiml
0,* SANDWICH *,*,*,<srai> * SANDWICH</srai>,food.aiml
0,* SANDWICHES *,*,*,<srai> * SANDWICH *</srai>,food.aiml
0,* SANDWICHES,*,*,<srai> * SANDWICH</srai>,food.aiml
