0,ORDER WATER,*,*,You can use the water fountains placed around the campus.You could also place an order at Granny's grocery shop for a water container.,order.aiml
0,* ORDER WATER,*,*,<srai>order water</srai>,order.aiml
0,* ORDER WATER *,*,*,<srai>order water</srai>,order.aiml
0,* CYCLE REPAIRED,*,*,We have one cycle repair shop on campus. It is situated next to the SU-Snackbar.,order.aiml
0,* REPAIR * CYCLE,*,*,<srai>* cycle repaired</srai>,order.aiml
0,* BUY * CYCLE,*,*,You can visit the nearby malls to place an order for a cycle.,order.aiml
0,PAY * BILL,*,*,You can view all invoice details at the Online Student Information System of AIT. URL - www.sis.ait.asia,order.aiml
0,* PAY * BILL,*,*,<srai>pay * bill</srai>,order.aiml
0,PAY * BILLS,*,*,<srai>pay * bill</srai>,order.aiml
0,* PAY * BILLS,*,*,<srai>pay * bill</srai>,order.aiml
0,* WASH * CLOTHES,*,*,<srai>give laundry</srai>,order.aiml
0,GIVE LAUNDRY,*,*,You can use the washing machines situated around the campus in various dorms.You could also give your clothes at the laundry shop near the grocery's shop.,order.aiml
0,* GIVE * CLOTHES *,*,*,<srai>give laundry</srai>,order.aiml
0,* PAY * FEES,*,*,<srai>pay * bill</srai>,order.aiml
0,* PAY * FEE,*,*,<srai>pay * bill</srai>,order.aiml
0,PAY * FEE,*,*,<srai>pay * bill</srai>,order.aiml
0,PAY * FEES,*,*,<srai>pay * bill</srai>,order.aiml
0,* BICYCLE REPAIRED,*,*,We have one cycle repair shop on campus. It is situated next to the SU-Snackbar.,order.aiml
0,* REPAIR * BICYCLE,*,*,<srai>* cycle repaired</srai>,order.aiml
0,* BUY * BICYCLE,*,*,You can visit the nearby malls to place an order for a cycle.,order.aiml
0,* RENT * BICYCLE,*,*,You can rent a cycle at the Student Union office,order.aiml
0,* RENT * CYCLE,*,*,You can rent a cycle at the Student Union office,order.aiml
0,* GET WATER,*,*,<srai>order water</srai>,order.aiml
0,* GET WATER *,*,*,<srai>order water</srai>,order.aiml
0,* CYCLE,*,*,You can visit the nearby malls to place an order for a cycle or visit the local university mechanic.,order.aiml
0,* BICYCLE,*,*,You can visit the nearby malls to place an order for a cycle or visit the local university mechanic.,order.aiml
0,* WATER CONTAINER,*,*,You can order the water container at the Granny's grocery shop. Registration fee is about 200 bahts. Containers atart from 20 bahts,order.aiml
0,* WATER CONTAINER COST,*,*,You can order the water container at the Granny's grocery shop. Registration fee is about 200 bahts. Containers atart from 20 bahts,order.aiml
0,* BICYCLES REPAIRED,*,*,We have one cycle repair shop on campus. It is situated next to the SU-Snackbar.,order.aiml
0,* REPAIR * BICYCLES,*,*,<srai>* cycle repaired</srai>,order.aiml
0,* BUY * BICYCLES,*,*,You can visit the nearby malls to place an order for a cycle.,order.aiml
0,* RENT * BICYCLES,*,*,You can rent a cycle at the Student Union office,order.aiml
0,* RENT * CYCLES,*,*,You can rent a cycle at the Student Union office,order.aiml
0,* BICYCLES,*,*,You can visit the nearby malls to place an order for a cycle or visit the local university mechanic.,order.aiml
0,* CYCLES REPAIRED,*,*,We have one cycle repair shop on campus. It is situated next to the SU-Snackbar.,order.aiml
0,* REPAIR * CYCLES,*,*,<srai>* cycle repaired</srai>,order.aiml
0,* BUY * CYCLES,*,*,You can visit the nearby malls to place an order for a cycle.,order.aiml
0,* CYCLES,*,*,You can visit the nearby malls to place an order for a cycle or visit the local university mechanic.,order.aiml
0,ORDER DRINKING WATER,*,*,You can use the water fountains placed around the campus.You could also place an order at Granny's grocery shop for a water container.,order.aiml
0,* ORDER DRINKING WATER,*,*,<srai>order water</srai>,order.aiml
0,* ORDER DRINKING WATER *,*,*,<srai>order water</srai>,order.aiml
0,* GET DRINKING WATER,*,*,<srai>order water</srai>,order.aiml
0,* GET DRINKING WATER *,*,*,<srai>order water</srai>,order.aiml
