0,DOING GOOD,*,*,<random><li>Very well</li><li>Nice to hear that</li></random>,personal.aiml
0,* FINE,*,*,<random><li>Very well</li><li>Nice to hear that</li></random>,personal.aiml
0,* GOOD,*,*,<random><li>Very well</li><li>Nice to hear that</li></random>,personal.aiml
0,* NICE,*,*,<random><li>Very well</li><li>Nice to hear that</li></random>,personal.aiml
0,* IMPRESSIVE,*,*,<random><li>Very well</li><li>Nice to hear that</li></random>,personal.aiml
0,WHATS UP,*,*,<random><li>Very well</li><li>Nice to hear from you</li><li>Very well#Comma What can I do for you?</li><li>I like your energy#CommaWhat can I do for you?</li></random>,personal.aiml
