0,_ YOUR DAY *,*,*,<srai>whats up</srai>,personalextra.aiml
0,_ YOUR DAY,*,*,<srai>whats up</srai>,personalextra.aiml
0,HOW ARE YOU DOING,*,*,<srai>whats up</srai>,personalextra.aiml
0,HOW YOU DOING,*,*,<srai>whats up</srai>,personalextra.aiml
0,HOW ARE YOU DOING TODAY,*,*,<srai>whats up</srai>,personalextra.aiml
0,HOW YOU DOING TODAY,*,*,<srai>whats up</srai>,personalextra.aiml
0,FINE,*,*,<srai>doing good</srai>,personalextra.aiml
0,NICE,*,*,<srai>doing good</srai>,personalextra.aiml
0,IMPRESSIVE,*,*,<srai>doing good</srai>,personalextra.aiml
0,HOW ARE YOU TODAY,*,*,<srai>how are you</srai>,personalextra.aiml
0,WHAT'S UP,*,*,<srai>whats up</srai>,personalextra.aiml
