0,WHERE IS CAFETERIA,*,*,Cafeteria is located at the center of AIT next to the famous korea house,srai.aiml
0,WHERE IS AITCC,*,*,<srai>WHERE IS AIT Conventional Center</srai>,srai.aiml
0,WHERE IS AIT CONVENTIONAL CENTER,*,*,AIT Conventional Center is located near to the gate of AIT .,srai.aiml
0,WHO IS PROFESSOR WORSAK,*,*,Professor Worsak is the president of AIT.,srai.aiml
0,DO YOU KNOW WHERE IS *,*,*,<srai>WHERE IS <star/></srai>,srai.aiml
0,DO YOU KNOW WHO IS *,*,*,<srai>WHO IS <star/></srai>,srai.aiml
0,BYE,*,*,<random><li>Good Bye!</li><li>See you!</li><li>Bye!</li></random>,srai.aiml
0,BYE *,*,*,<srai>BYE</srai>,srai.aiml
0,SCHOOL,*,*,School is an important institution in a child's life.,srai.aiml
0,_ SCHOOL,*,*,<srai>SCHOOL</srai>,srai.aiml
0,SCHOOL *,*,*,<srai>SCHOOL</srai>,srai.aiml
0,_ SCHOOL *,*,*,<srai>SCHOOL</srai>,srai.aiml
0,GOOD BYE,*,*,<srai>bye</srai>,srai.aiml
0,OKAY,*,*,<srai>casual</srai>,srai.aiml
0,OK,*,*,<srai>casual</srai>,srai.aiml
0,THAT'S COOL,*,*,<srai>casual</srai>,srai.aiml
0,CASUAL,*,*,anything else?,srai.aiml
0,THAT'S NICE,*,*,Happy to hear that!<srai>casual</srai>,srai.aiml
0,THAT'S GOOD,*,*,Happy to hear that!<srai>casual</srai>,srai.aiml
0,THAT'S REALLY NICE,*,*,Happy to hear that!<srai>casual</srai>,srai.aiml
0,OKAY THAT'S NICE,*,*,Happy to hear that!<srai>casual</srai>,srai.aiml
0,OKAY THAT'S GOOD,*,*,Happy to hear that!<srai>casual</srai>,srai.aiml
0,OKAY THAT'S * NICE,*,*,Happy to hear that!<srai>casual</srai>,srai.aiml
0,WHO IS THE PRESIDENT OF AIT,*,*,Professor Worsak is the president of AIT.,srai.aiml
