0,TRANSLATE HELLO,*,*,Sawatdee (krub/kah),translate.aiml
0,TRANSLATE HOW ARE YOU,*,*,Sabai dee ru (krub/kah),translate.aiml
0,TRANSLATE FINE,*,*,Sabai dee (krub/kah),translate.aiml
0,TRANSLATE THANK YOU,*,*,Khob Khun (kup/kaa),translate.aiml
0,TRANSLATE YES,*,*,Chai,translate.aiml
0,TRANSLATE NO,*,*,Mai Chai,translate.aiml
0,TRANSLATE I CAN,*,*,Dai,translate.aiml
0,TRANSLATE I CAN NOT,*,*,Mai Dai,translate.aiml
0,TRANSLATE I CANNOT,*,*,Mai Dai,translate.aiml
0,TRANSLATE WATER,*,*,naam,translate.aiml
0,TRANSLATE TOILET,*,*,hong naam,translate.aiml
0,TRANSLATE HOW MUCH,*,*,nee Tao Rai?,translate.aiml
0,TRANSLATE EXPENSIVE,*,*,pang,translate.aiml
0,TRANSLATE CHEAP,*,*,took,translate.aiml
0,TRANSLATE,*,*,Say Translate *followed by the word you want to translate* to translate to Thai language while you are on the move! The following are words stored in the dictionary:#Newline1. hello#Newline2. How are you#Newline3. Fine#Newline4. Thank you#Newline5. Yes#Newline6. No#Newline7. I can#Newline8. I cannot#Newline9. Water#Newline10. Toilet#Newline11. How much#Newline12. expensive#Newline13. cheap#NewlineTry it out! say "Translate how are you,translate.aiml
