0,WHERE IS *,*,*,<random><li>Just a moment#Comma redirecting you to maps..<oob><map><star/></map></oob></li><li>Let me see if I can show you on maps..<oob><map><star/></map></oob></li></random>,whereis.aiml
0,SHOW * RESTAURANTS NEARBY,*,*,You have plenty of good restaurants nearby..<oob><map>restaurants</map></oob>,whereis.aiml
0,SHOW ME WHERE IS *,*,*,<random><li>Just a moment#Comma redirecting you to maps..<oob><map><star/></map></oob></li><li>Let me see if I can show you on maps..<oob><map><star/></map></oob></li></random>,whereis.aiml
0,SHOW ME WHERE * IS,*,*,<random><li>Just a moment#Comma redirecting you to maps..<oob><map><star/></map></oob></li><li>Let me see if I can show you on maps..<oob><map><star/></map></oob></li></random>,whereis.aiml
0,SHOW ME *,*,*,<random><li>Just a moment#Comma redirecting you to maps..<oob><map><star/></map></oob></li><li>Let me see if I can show you on maps..<oob><map><star/></map></oob></li></random>,whereis.aiml
0,I'M HUNGRY,*,*,<srai>SHOW * RESTAURANTS NEARBY</srai>,whereis.aiml
0,I AM HUNGRY,*,*,<srai>SHOW * RESTAURANTS NEARBY</srai>,whereis.aiml
0,WHERE IS THE LAUNDRY SHOP,*,*,You can find the laundry shop near the grocery's store.,whereis.aiml
0,WHERE IS LAUNDRY SHOP,*,*,You can find the laundry shop near the grocery's store.,whereis.aiml
0,* MECHANIC,*,*,You can find the cycle repair shop next to SU Snack bar.,whereis.aiml
0,FIND *,*,*,<srai>WHERE IS <star/></srai>,whereis.aiml
0,FIND ME *,*,*,<srai>WHERE IS <star/></srai>,whereis.aiml
